{"cameraMode":{"drawMode":0,"name":"Shaded","section":"Shading Mode"},"sceneLighting":true,"audioPlay":false,"sceneViewState":{"m_AlwaysRefresh":false,"showFog":true,"showSkybox":true,"showFlares":true,"showImageEffects":true,"showParticleSystems":true,"showVisualEffectGraphs":true,"m_FxEnabled":true},"in2DMode":false,"pivot":{"x":-0.07962320744991303,"y":1.540800929069519,"z":1.91750168800354},"rotation":{"x":-0.14084100723266602,"y":-0.0008938595419749618,"z":0.00012355123180896044,"w":-0.9900341033935547},"size":0.8660253882408142,"orthographic":false}