{"cameraMode":{"drawMode":0,"name":"Shaded","section":"Shading Mode"},"sceneLighting":false,"audioPlay":false,"sceneViewState":{"m_AlwaysRefresh":false,"showFog":true,"showSkybox":false,"showFlares":true,"showImageEffects":true,"showParticleSystems":true,"showVisualEffectGraphs":true,"m_FxEnabled":true},"in2DMode":false,"pivot":{"x":-0.6889158487319946,"y":0.4312790334224701,"z":0.1669166386127472},"rotation":{"x":-0.12837965786457063,"y":-0.5800098180770874,"z":0.09319111704826355,"w":-0.7990142703056336},"size":0.24494898319244386,"orthographic":false}